basin,station_name,cluster,cluster_label,NSE,KGE,Pearson-r,RMSE,Peak-MAPE,Alpha-NSE,Beta-KGE,Beta-NSE,FHV,FLV,FMS,MAPE,MSE,Missed-Peaks,Peak-Timing,p_mean,pet_mean,p_seasonality,frac_snow,aridity,high_prec_freq,high_prec_dur,high_prec_timing,low_prec_freq,low_prec_dur,low_prec_timing,geol_1st_class,glim_1st_class_frac,geol_2nd_class,glim_2nd_class_frac,carbonate_rocks_frac,geol_porostiy,geol_permeability,q_mean,runoff_ratio,slope_fdc,baseflow_index,stream_elas,q5,q95,high_q_freq,high_q_dur,low_q_freq,low_q_dur,zero_q_freq,hfd_mean,huc_02,gauge_name,soil_depth_pelletier,soil_depth_statsgo,soil_porosity,soil_conductivity,max_water_content,sand_frac,silt_frac,clay_frac,water_frac,organic_frac,other_frac,gauge_lat,gauge_lon,elev_mean,slope_mean,area_gages2,area_geospa_fabric,frac_forest,lai_max,lai_diff,gvf_max,gvf_diff,dom_land_cover_frac,dom_land_cover,root_depth_50,root_depth_99
09484600,,3,Cluster 3,-0.34644609689712524,0.1687765691440553,0.6393050670623779,0.06651052978499984,92.38139152526855,1.4920610427856444,1.5330960750579834,0.11254327185451984,14.778211414813995,-144.81908556622636,17.647963311553035,479.45298433303833,0.004450569860637188,0.606,0.6923076923076923,1.2634045174538,3.70382902017291,0.426710730808294,0.0101482581857307,2.93162559497367,28.8,1.6695652173913,jja,305.6,11.2352941176471,mam,Siliciclastic sedimentary rocks,0.705469102870204,Acid plutonic rocks,0.0964584204723188,0.057423150805567,0.2172,-12.6202,0.0118951901476371,0.0094151872842833,0.34344371747863,0.222636357477416,1.61058842366247,0.0003318543623528,0.0331854362352858,29.25,3.75,239.9,26.3626373626374,0.0005475701574264,246.85,15,"PANTANO WASH NEAR VAIL, AZ.",6.91719378953422,1.13535227551293,0.441451571940514,1.14314121081846,0.465294619773977,34.6401108843064,26.3883110079554,23.329179950937,0.0,0.0,11.8190548879268,32.03591,-110.67758,1347.5,44.72847,1179.59,1240.13,0.0621,0.649335259167385,0.410887939186568,0.306563001007221,0.140119512843138,0.67174068589611,    Open Shrublands,0.175010504291693,2.5811413445337
09386900,,3,Cluster 3,0.14069315195083618,-0.11112688629344843,0.6122814118862152,0.4584651301672902,91.68208635770358,0.1431354522705078,0.4087329924106598,-0.11797357723116875,-84.53870415687561,-32.71706058561647,-46.85853325487786,1005.0443458557129,0.2101967602968216,0.7,0.8615384615384615,1.21394661190965,3.00467045859001,0.141078799713188,0.307507544080434,2.47512570084394,32.7,1.59512195121951,jja,308.35,10.0603588907015,mam,Siliciclastic sedimentary rocks,0.534335710591192,Mixed sedimentary rocks,0.205776200671653,0.164153092693113,0.1755,-13.7243,0.0584121949502781,0.0481175979052244,0.0892182424488193,0.218770458885681,3.73972077881536,0.0,0.22489339393495,59.15,8.45,303.65,41.8827586206897,0.163586584531143,185.3,15,"RIO NUTRIA NEAR RAMAH, NM",1.07194244604317,1.26272518501019,0.435135781366059,1.41665446876957,0.543093025216412,41.9396644570458,32.3836417426919,23.6991627173219,0.0,0.0,2.27203381088535,35.28253,-108.55341,2341.65,37.39246,184.94,186.23,0.3012,1.01451900413024,0.497994544953751,0.414352940877652,0.0999160403285754,0.428096937544555,    Grasslands,0.149492370029029,1.84596348206989
09306242,,3,Cluster 3,0.15514581203460692,0.12097890829080944,0.4603677123785019,0.0882243765283108,68.93693049748738,0.47796493470668794,0.5460950255393981,-0.23065377473831178,-46.58876448869705,-665.5800065677641,-44.763624892790176,80.88298261165619,0.0077850390691310166,0.826086956521739,1.2333333333333334,1.26844353182752,3.68380303901437,0.0541007336993257,0.35800746386243,2.90419159117546,29.2,1.5012853470437,mam,294.7,7.43253467843632,jja,Siliciclastic sedimentary rocks,0.999028023340524,Unconsolidated sediments,0.0009719766594761,0.0,0.1579,-15.7937,0.0334359946835847,0.0263598606044462,0.990889032876302,0.686514786539363,2.37410411328682,0.0041775896618713,0.113391719393651,16.2,21.6,44.65,18.6041666666667,0.0,198.1,14,"CORRAL GULCH NEAR RANGELY, CO.",0.891304347826087,0.622176264863901,0.435390910860195,1.69191073379508,0.209860474764606,34.3249265275791,27.8545004562503,15.3387922887304,0.0,0.0,22.561305645508,39.92025,-108.47287,2245.09,61.01553,81.99,87.7,0.0,0.817796166654334,0.559897954810272,0.346300865438431,0.161054982390056,0.999999999999969,    Grasslands,0.119999999999996,1.49999999999995
06847900,,1,Cluster 1,0.16998286843299865,-0.006387422812094678,0.4906488448381424,0.10648325337262694,72.72942876815796,0.23355377465486526,0.6284391909837723,-0.05976522509008646,-68.16408693790436,-2.10338732727811,31.14593883132711,502.9883146286011,0.011340097896754742,0.735897435897436,0.58,1.57560164271047,3.30560683093771,0.804810475115176,0.102382584534704,2.09799656292002,24.65,1.3252688172043,jja,297.3,7.36802973977695,djf,Unconsolidated sediments,0.885004735706505,Mixed sedimentary rocks,0.114995264293495,0.0,0.1723,-13.6252,0.0121807342820902,0.0077308463966411,1.50560096413134,0.452948638712308,1.23587717402422,0.0,0.0222967586286092,7.6,3.10204081632653,130.6,25.8613861386139,0.134017796030116,204.65,10,"PRAIRIE DOG C AB KEITH SEBELIUS LAKE, KS",41.1476510067114,1.50000001490115,0.474609751236941,0.847090362267965,0.692591197761903,17.5606333005653,67.7749004733701,14.7409445304165,0.0,0.0,0.0,39.76985,-100.10078,885.8,6.55023,1536.19,1539.16,0.001,0.922368767144321,0.659688667437801,0.418650602488718,0.213876991256613,0.564612419377989,    Grasslands,0.146123254837301,1.49999999999983
09447800,,3,Cluster 3,0.2219087839126587,-0.10512940589700712,0.7740180850028991,0.5351298647655668,87.5086314337594,0.1632416605949402,0.31571832448244097,-0.06488170437514781,-77.65370905399323,-670.3831428259989,61.410267114020044,62.67622619867325,0.2863938271999359,0.5,0.3,1.0724257357974,3.25946056125941,0.138870714606984,0.0394826699276366,3.0393345221577,27.7,1.63905325443787,jja,310.4,11.1454219030521,mam,Acid volcanic rocks,0.463665046592738,Siliciclastic sedimentary rocks,0.460729745247677,0.0291895480441197,0.175,-12.4731,0.0361895160274127,0.0337454751591765,0.471574032674217,0.354762522038852,1.475638345212,0.0046931599037331,0.0406740524990209,8.7,3.0,77.7,33.063829787234,0.0,169.5,15,"BONITA CREEK NEAR MORENCI, AZ.",5.63718411552347,1.41636291271115,0.449201623925419,0.639747497528965,0.468866454913106,20.7895011786704,19.185338689218,33.8841778211012,0.0,0.0,26.2095452079132,32.95562,-109.53119,1395.31,59.50706,781.96,777.14,0.1601,0.588618872377099,0.320768321168574,0.279558389342605,0.0827973582246185,0.712148810421495,    Open Shrublands,0.182763914981703,2.71071606139806
07142300,,3,Cluster 3,0.2422660231590271,0.027383470464392812,0.6483350574970246,0.1333780843413272,76.6161470413208,0.26348478347063065,0.4747005641460419,-0.1705760605633259,-66.67584896087646,7.559635193825474,-32.815102558425096,498.8468623161316,0.017791682668030263,0.6387096774193548,0.8400000000000001,1.8067446954141,2.83269767282683,0.64300366741464,0.0867916780002227,1.56784612680298,25.1,1.28388746803069,jja,304.1,8.03434610303831,djf,Unconsolidated sediments,1.0,,0.0,0.0,0.2413,-11.8217,0.0193382564704236,0.0107033697231868,1.95908488143689,0.612135072932356,2.78057696896846,0.0,0.0483953974525296,7.55,3.28260869565217,122.95,39.031746031746,0.132785763175907,204.1,11,"RATTLESNAKE C NR MACKSVILLE, KS",49.5319001386963,1.50000001490116,0.423554327070169,1.42060071237054,0.647241958102202,53.1387655562332,30.588484893292,16.1854752431871,0.0,0.0,0.0,37.87159,-98.87614,677.58,4.76724,1819.94,1923.39,0.0003,1.16382103006498,0.848938456870195,0.48782477912583,0.24715153615008,0.521780795485334,    Grasslands,0.148693152270853,1.49999999999977
06352000,,3,Cluster 3,0.29322784543037417,0.0635807124711549,0.7396377265453339,0.22657392969166254,83.26088645241478,0.24409319907426835,0.5161694467067719,-0.09080791547894478,-70.09461581707001,2.666879839661333,-25.95051885772481,240.35615801811218,0.05136108957231045,0.75625,1.5272727272727273,1.09566735112936,2.33464149212868,0.751851497127695,0.168403955596369,2.13079406785484,24.15,1.46808510638298,jja,301.65,8.01195219123506,djf,Unconsolidated sediments,0.998667780414871,Mixed sedimentary rocks,0.0008279999005637,0.0,0.2206,-12.9728,0.052164785508748,0.0476100574275385,0.364716096542008,0.236326012393306,1.94023496851304,0.0004072450503399,0.135748350113331,38.05,15.8541666666667,253.65,58.9883720930233,0.0209445585215606,198.5,10,"CEDAR CREEK NR HAYNES, ND",1.5291734197731,1.49371864831206,0.448029904019549,0.966925684162524,0.383676796974224,18.6418710729414,22.477848665495,16.0889061721259,0.0,0.0,42.74058174245,46.15417,-102.47405,840.97,7.25043,1441.83,1443.13,0.0,1.32741386908539,1.14545032170026,0.499443683369832,0.367105673625094,0.667461296151084,    Croplands,0.160047677769054,1.49999999999986
06350000,,3,Cluster 3,0.29499507546424864,0.08347576219698294,0.7030004978179931,0.21054904103302366,82.3806676864624,0.26422589719295503,0.5434693813323974,-0.0814863808453083,-68.14267575740814,43.35823121096143,19.21513073958391,125.22936582565308,0.04434409961104393,0.7181818181818181,1.1400000000000001,1.07796030116359,2.17467871321013,0.771483147435968,0.164913327830338,2.01740148580862,24.05,1.54166666666667,jja,302.35,8.28356164383562,djf,Unconsolidated sediments,0.986190484834622,Siliciclastic sedimentary rocks,0.0137780579893581,0.0,0.2194,-13.0304,0.0448031600672251,0.0415629035863965,0.341745322267808,0.252460651808735,1.86188841344283,0.0015321148614742,0.101054384480214,27.85,10.7115384615385,223.95,46.65625,0.001368925393566,201.8,10,"CANNONBALL RIVER AT REGENT, ND",1.41056283731689,1.49286745751926,0.451919736415313,0.863426100910799,0.397100676208096,16.9290024785574,23.6564565101113,17.8066504360184,0.0,0.0,41.6093154565588,46.42667,-102.55183,833.77,7.61453,1501.05,1506.19,0.0,1.37298757378111,1.19010954494035,0.503756353678352,0.370441094362271,0.589866320584699,    Croplands,0.15539197923507,1.49999999999985
06440200,,3,Cluster 3,0.31449311375617983,0.07460055382160799,0.6862241983413696,0.5047917454357097,81.36434146336147,0.30234837234020234,0.4801053524017334,-0.09382631853222848,-69.2152464389801,-331.4604620512097,-67.03805671574614,2694.5198249816895,0.2548452243208885,0.48,0.7785714285714286,1.31600958247775,2.36404299794661,0.662348894220469,0.140805850137048,1.79637217648191,24.25,1.41399416909621,jja,295.2,7.20879120879121,djf,Siliciclastic sedimentary rocks,0.826251057226108,Unconsolidated sediments,0.173748942773892,0.0,0.1299,-15.9866,0.072299800707358,0.0549386582514342,0.091614404410268,0.09812971209207,3.03903928364877,0.0,0.214059814518354,118.4,12.3333333333333,294.95,27.3101851851852,0.395071868583162,221.05,10,"SOUTH FORK BAD R NEAR COTTONWOOD,SD",7.4051329055912,1.50000001490116,0.459288866325711,0.684760226406516,0.389089148283232,13.9161148526994,21.3871604084886,20.1902502785938,0.0,0.0,48.6170744157851,43.96888,-101.76709,756.84,9.79001,649.19,654.7,0.0,0.867418571780611,0.687038696790918,0.370097406391618,0.227159956917554,0.999999999999898,    Grasslands,0.119999999999988,1.49999999999985
06344600,,3,Cluster 3,0.3165715217590332,0.2838449051518795,0.5716787874698639,0.27052226924944756,60.92761646617542,0.48550408482551577,0.7478797018527985,-0.04398959614336491,-48.217514753341675,-10.715026695674805,-26.095741577013985,460.5054783821106,0.07319341003894805,0.6157894736842106,0.4909090909090909,1.13692402464066,2.12980318959617,0.835102017131009,0.162624033289867,1.87330300304748,25.2,1.56521739130435,jja,297.9,7.83947368421053,djf,Unconsolidated sediments,0.983098076035488,Siliciclastic sedimentary rocks,0.0169019239645123,0.0,0.2195,-13.0372,0.051663550953648,0.0454415157336279,0.28878828514768,0.163255334059596,2.42996969041101,0.0,0.121568971207394,39.5,9.40476190476191,266.45,39.7686567164179,0.108966461327858,196.75,10,"GREEN RIVER NR NEW HRADEC, ND",1.21368715083799,1.49966394687177,0.453138790585444,0.830512448497455,0.46229277877535,18.5072465976049,26.9162429134008,20.8424065200093,0.0,0.0,33.8162850637191,47.02779,-103.05324,796.57,7.89802,402.5,408.92,0.0,1.29171518246715,1.0902951829116,0.504651094366985,0.357330671801601,0.556778626787294,    Grasslands,0.146593282392759,1.49999999999997
06470800,,1,Cluster 1,0.3166262924671173,0.08717940063903987,0.7529065072536468,0.7077808498669618,70.54005839607933,0.27799251973628997,0.4993297666311264,-0.15677722096443175,-73.16546857357025,-120.04971118284448,-56.77684577559229,1235.8618927001953,0.5010265976190567,0.6344827586206897,1.1363636363636362,1.55759890485969,2.10519089664613,0.824561369384648,0.14718946482151,1.35156161838453,24.95,1.39385474860335,jja,296.7,7.35315985130112,djf,Unconsolidated sediments,0.999914640153554,Siliciclastic sedimentary rocks,8.53598464455635e-05,0.0,0.1641,-13.6636,0.0552631421487422,0.0354797001823268,0.685094064521696,0.365344763041521,4.6139833412337,0.0,0.242113083096675,88.5,26.4179104477612,232.65,69.4477611940299,0.0655715263518138,222.65,10,"BEAR CREEK NR OAKES, ND",49.8586326767092,1.50000001490116,0.436004881496946,1.67494603235672,0.643548418611181,43.7397862265911,37.5761839395278,18.2928396800534,0.0,0.0,0.267327400729136,46.22524,-98.07177,423.26,3.54676,1071.14,995.65,0.0061,2.20687526085596,2.0096650531317,0.700221525102677,0.558942578630896,0.999999999999873,    Croplands,0.179999999999977,1.49999999999981
08194200,,3,Cluster 3,0.3276751160621643,0.3637989881404146,0.5736693918704987,0.23906797215996312,67.76786994934082,0.5716954052448273,1.141441321372986,0.016429931111633777,-34.19485628604889,-522679560546.875,-25.250056305062326,12318.980102539062,0.05717363581061363,0.5355555555555556,0.8466666666666667,1.39721560574949,3.61926525667351,0.435173445212812,0.0005535601264272,2.59034127716609,23.65,1.5015873015873,jja,322.5,13.9008620689655,djf,Unconsolidated sediments,0.986886616497362,Siliciclastic sedimentary rocks,0.0105866891086962,0.0,0.2195,-13.0266,0.0722988385329525,0.0517449406057631,0.0008401312139356,0.0427754759916959,1.52342928255238,0.0,0.119865324373508,132.95,19.4087591240876,323.0,49.6923076923077,0.636002737850787,287.75,12,"San Casimiro Ck nr Freer, TX",7.77239709443099,1.50000001490116,0.441936287906864,0.790437583632644,0.679159943745736,31.6821000321593,20.6359707836666,46.7212275557348,0.0,0.0,0.850695644783891,27.96501,-98.96697,161.27,5.02405,1220.58,1233.44,0.0008,1.0783347797166,0.661138004153719,0.446835555206807,0.175884842777964,0.912347106685082,    Grasslands,0.125259173598886,1.49999999999992
06339100,,3,Cluster 3,0.3541527628898621,0.28545793182872414,0.6376463592052459,0.32581589039729586,66.52754545211792,0.4113859862089157,0.8239389777183532,-0.02415020000189543,-47.61806309223175,-37.4230141725307,-32.76384205667709,656.9491100311279,0.1061612218618393,0.5575,0.54,1.15557973990418,2.11859582477755,0.838254396394264,0.160349274004295,1.83336186298423,24.3,1.5,jja,297.4,7.59642401021711,djf,Unconsolidated sediments,0.989231231686401,Siliciclastic sedimentary rocks,0.0107687683135985,0.0,0.2197,-13.0237,0.05160077536527,0.0446535825987646,0.328551338216525,0.163825023031245,2.62417954007832,0.0,0.12483943706735,36.35,8.75903614457831,261.3,40.828125,0.0603696098562628,189.1,10,"KNIFE RIVER AT MANNING, ND",1.14331550802139,1.48508303519387,0.450928931083231,0.874518442329878,0.448823836916054,19.4365340034351,25.710970158807,20.1074544706821,0.0,0.0,34.8245781534704,47.23613,-102.76991,759.27,10.76088,529.14,529.56,0.0,1.29832472269071,1.09585116617032,0.507897670000256,0.362451735094875,0.87621628835117,    Grasslands,0.127427022698913,1.49999999999986
06447500,,3,Cluster 3,0.37178332805633546,0.2923099362660064,0.6881789267063141,0.10884964752689655,74.44284915924072,0.4116065323352814,0.7622986435890198,-0.15719568505883216,-54.96465623378754,18.98814621113196,-29.759564808526374,29.45929855108261,0.011854881420731544,0.8046511627906977,1.6166666666666667,1.43718138261465,2.41581880903491,0.678962210187896,0.155649176414783,1.68094218186979,25.25,1.41456582633053,jja,292.45,7.17668711656442,djf,Siliciclastic sedimentary rocks,0.576928127359036,Unconsolidated sediments,0.423071872640964,0.0,0.1975,-14.3476,0.0720826173285817,0.0501555462661523,1.24426672806753,0.666651652899674,1.1683796402366,0.0192385055177982,0.192385055177982,2.35,2.61111111111111,5.7,10.3636363636364,0.0,186.75,10,LITTLE WHITE R NEAR MARTIN SD,36.6280864197531,1.50000001490117,0.427411802961246,1.70890018734499,0.489662779965772,43.1825948067927,21.4072721515742,8.61826390860086,0.0,0.0,26.7754760971882,43.16667,-101.63015,1040.9,6.49678,826.61,793.15,0.0,0.991240632188275,0.780478431999544,0.42320319612226,0.256293270237688,0.999999999999888,    Grasslands,0.119999999999987,1.49999999999983
05120500,,1,Cluster 1,0.37390356659889223,0.11482142855967319,0.812291818857193,0.22317274947224863,78.01672518253326,0.31265579760074613,0.475404092669487,-0.19007684290409088,-68.74947190284729,-53.45054776101124,-52.481247692109626,501.5353798866272,0.04982764758169651,0.7518518518518518,1.925,1.31184394250513,2.03884728268309,0.80189939400823,0.19176626992326,1.55418431767856,24.3,1.36901408450704,jja,304.15,8.15415549597855,djf,Unconsolidated sediments,0.998402639784881,Water bodies,0.0015973602151192,0.0,0.1598,-13.7671,0.0404083064296815,0.0308026779103898,0.716965078563108,0.46585935096469,3.95314652933477,0.0,0.200609374922302,57.2,26.6046511627907,211.0,50.2380952380952,0.0551676933607118,218.6,9,"WINTERING RIVER NR KARLSRUHE, ND",42.1545845746442,1.50000001490117,0.432560788162248,1.56237743137358,0.637739483616897,44.9670951137737,33.0809591820175,19.7012979746895,0.0,0.0,2.25470220211064,48.13834,-100.53986,515.77,5.85036,1509.83,1509.83,0.0019,1.82325472381611,1.61173030659595,0.622140438909572,0.469873901675634,0.999999999999897,    Croplands,0.179999999999981,1.49999999999985
08165300,,3,Cluster 3,0.37597825527191164,0.6541955768581593,0.7237423598766327,0.6229704217900013,68.98213068644205,1.1019096314907073,0.8264759004116058,-0.046416130661964414,2.895627599209547,-630.045929805368,33.82516349107816,39.790286123752594,0.38885445296764376,0.3,0.3333333333333333,2.22887611225188,3.34547336071184,0.306120852849834,0.0056160383836324,1.50096873591231,25.55,1.36266666666667,jja,308.15,9.29562594268477,djf,Carbonate sedimentary rocks,1.0,,0.0,1.0,0.06,-11.8,0.201994256530278,0.090626058316987,0.841839193571294,0.706219456951051,1.6804110999247,0.072950026588074,0.336692430406496,1.85,1.60869565217391,0.35,3.5,0.0,166.25,12,"N Fk Guadalupe Rv nr Hunt, TX",1.18481848184818,0.776955585414427,0.452610340207091,0.57119848883192,0.146370276167523,9.47099936794012,9.7982583133669,21.5913878008132,0.0,0.0,59.1393545178795,30.0641,-99.38699,669.21,10.29971,435.99,439.98,0.1466,1.19440794786881,0.646378834889658,0.480704369008316,0.141313782500059,0.597384402946831,    Grasslands,0.137337200337247,1.66680347126912
06879650,,1,Cluster 1,0.37841413021087644,0.3873490928045312,0.6179411828517913,2.76105069917408,64.49828624725342,0.5873323798179626,0.7575926899909973,-0.04764683321118355,-38.39548110961914,-1064104316406.25,-87.5732873428224,297.45243310928345,7.62389178276062,0.4928571428571429,0.425,2.62374674880219,2.64428878850103,0.666392527909886,0.0672497335190048,1.00782927685693,23.25,1.22691292875989,jja,279.35,5.56474103585657,djf,Carbonate sedimentary rocks,0.587737799498278,Mixed sedimentary rocks,0.412262200501722,0.587737799498278,0.0847,-13.7376,0.476242834203878,0.181512500938322,0.860738212349949,0.326265329612216,2.45130427917247,0.0,1.67923082622376,172.8,90.9473684210526,232.35,82.9821428571429,0.526899383983573,224.5,10,"KINGS C NR MANHATTAN, KS",1.0,0.9253117785673,0.474181699975882,0.458563856972817,0.450149653801711,10.5836198542313,46.6165823509647,42.6744860300247,0.0,0.0,0.0,39.10195,-96.59521,402.0,11.67178,11.51,12.51,0.0311,2.34911578492211,2.07593821360133,0.698437934288608,0.517456713870101,0.999999999999716,    Grasslands,0.119999999999966,1.49999999999957
03049800,,2,Cluster 2,0.39755718111991883,0.6962305424764169,0.6978004217147827,1.3384616173238058,73.16095568917015,0.995957100391388,1.0192987084388734,0.01112899580039084,0.29044599970802665,-117.36421850224724,-8.856973356808364,88.31633448600769,1.7918680548667907,0.28771929824561404,0.11363636363636362,3.02702395619439,2.43280097193703,0.128476117724567,0.116341909362209,0.803693993553846,18.65,1.1441717791411,jja,222.35,3.39206712433257,jja,Siliciclastic sedimentary rocks,1.0,,0.0,0.0,0.1451,-16.0333,1.07702479012463,0.355803193404084,1.75674161698867,0.42466958925213,2.12587161657949,0.0427205938107917,3.77912945249311,15.7,1.85798816568047,117.75,8.03754266211604,0.0,165.1,5,"Little Pine Creek near Etna, PA",1.0,0.800000011920929,0.459094867728757,1.03923365604999,0.359572903414442,27.2736827016418,53.1891466229478,19.3959536078694,0.0,0.0,0.0,40.52035,-79.93811,296.6,21.30523,14.89,16.0,0.2546,4.79489764979105,4.20785120564543,0.864868499264487,0.467993491184616,0.560304592912884,    Deciduous Broadleaf Forest,0.185603045929129,1.78015229645644
05057200,,1,Cluster 1,0.40769281387329104,0.2548067182133213,0.7103288412094116,0.36687662646325114,73.66143782933554,0.4229519098997116,0.6290222108364105,-0.11769480928778649,-62.18935489654541,-26.13694758678907,-35.364965023855355,384.60989236831665,0.13463461250066758,0.5923076923076923,1.2416666666666667,1.45177960301164,2.03825073237509,0.916413868842179,0.141789208175196,1.40396705405342,24.85,1.44057971014493,jja,296.85,7.40274314214464,djf,Unconsolidated sediments,0.998473905116043,Water bodies,0.0015260948839568,0.0,0.1707,-13.5073,0.0630878881278403,0.043455554821798,0.790821924955169,0.393806328952924,3.01154187266678,0.0006060571995424,0.241133396413711,43.4,17.0196078431373,200.35,45.0224719101124,0.0216290212183436,207.95,9,"BALDHILL CREEK NR DAZEY, ND",48.8357251908397,1.50000001490115,0.435048165374018,1.71366620690078,0.610203039539412,42.2770144806095,36.2352750295391,16.4999645125829,0.0,0.0,4.96563975892276,47.22916,-98.12482,447.5,2.33897,1897.33,1900.4,0.0165,2.06940655556139,1.87929381514654,0.674540246084416,0.544824415991078,0.99999999999988,    Croplands,0.179999999999978,1.49999999999982
06409000,,5,Cluster 5,0.4166328966617584,0.5401520703199147,0.7189982771873474,0.10032193981343729,36.851128169468474,0.6903773546218872,0.8126068770885467,-0.3098925620317459,-15.645553097128868,46.553733225562596,-47.032210228429896,25.081712305545807,0.010086196288466454,0.5470588235294118,0.55,1.73344284736482,2.60291745379877,0.561712233684554,0.343337176611808,1.50158827431532,22.85,1.43710691823899,jja,270.4,5.84017278617711,djf,Carbonate sedimentary rocks,0.764987788852965,Siliciclastic sedimentary rocks,0.160183658516796,0.764987788852965,0.0789,-12.5115,0.181760958933304,0.104855466801007,1.29123424290394,0.866767566993664,1.32429016871662,0.0738750712628577,0.393206024463597,0.2,1.33333333333333,0.1,1.0,0.0,205.0,10,CASTLE CR ABOVE DEERFIELD RES NEAR HILL CITY SD,0.968481375358166,1.50000001490116,0.452628378236915,0.958681910025002,0.650476378863084,27.1203881448798,39.5949317242983,27.2049087938995,0.0,0.0,5.97031928449782,44.01359,-103.83048,1960.28,31.3792,205.33,209.41,0.7952,2.39505712829344,1.57870065935215,0.690628900462691,0.231701221510647,0.825549192974724,    Evergreen Needleleaf Forest,0.174104175782536,1.77800334276485
08082700,,3,Cluster 3,0.4222142219543457,0.4289419469523742,0.6581798255443573,0.5006706045727859,71.02113151550293,0.5611617892980576,1.0644826412200927,0.006611980100205983,-37.2857129573822,-811374254150.3906,-82.19625505266046,5061.18049621582,0.2507112309336662,0.32857142857142857,0.8700000000000001,1.82721013004791,3.65184058863792,0.377580941830862,0.0128021384845558,1.99858819113605,26.45,1.41066666666667,jja,313.0,10.1788617886179,djf,Siliciclastic sedimentary rocks,0.682641528521047,Unconsolidated sediments,0.317358471478953,0.0,0.208,-14.2036,0.070745008449758,0.0387175001311442,0.0,0.0422252899218705,3.28187579624491,0.0,0.0840223741914304,102.75,14.0753424657534,326.8,45.7062937062937,0.718685831622177,241.5,12,"Millers Ck nr Munday, TX",4.89141414141414,1.50000001490116,0.450462548038311,0.61918301718338,0.703672901627035,25.2862707649477,24.8313977222486,50.3539120958467,0.0,0.0,0.0,33.32927,-99.46508,453.85,4.04181,276.04,276.84,0.0,0.839001609959874,0.47990030236406,0.38033921271764,0.121724044791997,0.987885412837265,    Grasslands,0.120726875229736,1.49999999999976
07299670,,3,Cluster 3,0.4379321843385696,0.6004732700834994,0.8073304116725921,0.6607594173211302,61.77569996226917,1.2643885016441345,0.7778794884681701,-0.03530393373221159,-8.380643241107464,-88.22512789487284,27.82980252440862,51.30550354719162,0.43804643452167513,0.3392857142857143,0.37272727272727274,1.77283367556468,4.14227374401095,0.460331287563181,0.02913235345217,2.33652699692291,26.45,1.44931506849315,jja,309.25,9.53004622496148,djf,Siliciclastic sedimentary rocks,0.921041771402062,Unconsolidated sediments,0.0789582285979382,0.0,0.1303,-16.1798,0.101725926420975,0.0573804118361938,0.703856141632621,0.454826335866761,1.75461068125182,0.021619746237647,0.15653641401575,7.0,2.02898550724638,16.15,11.962962962963,0.0,216.15,11,"Groesbeck Ck at SH 6 nr Quanah, TX",2.06543624161074,1.50000001490116,0.450330857743371,0.627439350518877,0.686348179445388,25.7879663269247,26.3556197368069,46.9209586677677,0.0,0.0,1.4344645070654,34.35452,-99.74037,497.04,6.82082,828.36,830.71,0.0012,0.833215154916569,0.552666652744231,0.374394954906342,0.168235660309998,0.999999999999889,    Grasslands,0.119999999999987,1.49999999999983
06479215,,1,Cluster 1,0.44025731086730957,0.3076952541485575,0.7373162567615509,0.6891510727641912,76.67179788861957,0.4285856783390045,0.7112533569335937,-0.08796392977237702,-58.22382628917694,-29.50999142194463,-36.11526588280608,444.7083902359009,0.4749781847000122,0.585,0.8357142857142857,1.80677481177276,2.17910585900068,0.760783399210058,0.164751422321796,1.20607496009013,25.7,1.37801608579088,jja,289.15,6.40420819490587,djf,Unconsolidated sediments,1.0,,0.0,0.0,0.1826,-13.2286,0.214106094803362,0.118501815172687,0.940351558233992,0.351772751288037,3.24003253160048,0.0008374859238528,0.893318318776376,71.95,14.39,210.05,47.2022471910112,0.0127310061601643,214.15,10,BIG SIOUX RIVER NR FLORENCE SD,41.9248366013072,1.50000001490116,0.439734333128182,1.26605158377635,0.665246725701312,40.2057607205246,37.6892198710987,21.3482220830766,0.0,0.0,0.722767646345355,45.1808,-97.18619,569.24,6.43082,175.28,178.1,0.0,1.98626675247076,1.72961794868463,0.668252395808743,0.478336979667499,0.999999999999872,    Croplands,0.179999999999977,1.49999999999981
06332515,,3,Cluster 3,0.44800652265548707,0.32803410256154353,0.7071257531642914,0.2518285036200077,69.13327583899864,0.4854762464761734,0.6874801814556122,-0.05160762835294008,-52.521826326847076,64.1100064757533,277.3357409275367,497.20364570617676,0.06343176923692226,0.3525,0.6846153846153846,1.2116372347707,2.47515414099932,0.818659017571152,0.173914615394175,2.04281782531033,23.65,1.42900302114804,jja,293.25,6.92443919716647,djf,Unconsolidated sediments,0.991565074716835,Siliciclastic sedimentary rocks,0.0084349252831653,0.0,0.2179,-13.0452,0.041205890299695,0.034008438431238,0.103355115017052,0.129601661968644,1.50237867688301,0.0001277651859391,0.0776812330510028,34.95,7.13265306122449,302.55,50.0082644628099,0.0458590006844627,193.4,10,"BEAR DEN CREEK NR MANDAREE, ND",1.07492795389049,1.09291244407114,0.451690263371625,0.893906010126322,0.304033921128489,16.1361980076326,23.40926589955,16.9916368418603,0.0,0.0,43.3776281944658,47.78724,-102.76853,683.69,21.51406,191.49,191.55,0.0,1.3924555691975,1.19928054792769,0.540676946514819,0.408505304383603,0.642194693480465,    Grasslands,0.141468318391145,1.49999999999978
08050800,,3,Cluster 3,0.45520880818367004,0.2893793795271199,0.7150369882583618,3.07186602977282,61.77690315246582,0.4887968212366104,0.5972277581691742,-0.0690708301961422,-52.74984896183014,-644313442382.8125,-79.92541159907469,486.71536445617676,9.436691284179688,0.38909090909090904,0.13333333333333333,2.81934839151266,3.1417925393566,0.0757386670930282,0.0196728968786143,1.11436832312552,26.4,1.30693069306931,mam,294.35,7.05875299760192,jja,Siliciclastic sedimentary rocks,0.989332417836211,Unconsolidated sediments,0.0106675821637893,0.0,0.1903,-15.1765,0.502317809475091,0.178168051521147,0.345695171355502,0.121219610507278,4.06050534228137,0.0,1.20716795965846,153.5,17.953216374269,264.9,24.0818181818182,0.464202600958248,190.75,12,"Timber Ck nr Collinsville, TX",3.07594936708861,1.50000001490116,0.425154428720156,1.41937970662474,0.530313544787224,39.4188299191628,14.6612202208567,28.8465348106953,0.0,0.0,17.1715381253316,33.55455,-96.94723,229.09,5.75131,100.93,109.21,0.1279,1.89444751451393,1.50198672110604,0.610462838712088,0.3109194031271,0.999999999999823,    Grasslands,0.119999999999979,1.49999999999973
08176900,,3,Cluster 3,0.4634896099567413,0.49763405559442786,0.6848914325237274,1.436899469729663,58.82179061571757,0.6121357858181,0.9541987657546998,-0.005857526883482933,-25.455363392829895,3.275263424629878,-9.118718957535048,509.20573711395264,2.064967966079712,0.25897435897435894,0.5916666666666667,2.49214373716632,3.88057289527721,0.196843007834043,0.0018005933498891,1.55712242331961,25.85,1.59076923076923,son,297.5,9.00151285930408,mam,Unconsolidated sediments,0.89177615554042,Siliciclastic sedimentary rocks,0.10822384445958,0.0,0.2165,-13.2419,0.237770247102943,0.0954079187155143,0.429248061488789,0.180428332522902,2.69343534277982,0.0,0.559404591802951,40.35,6.06766917293233,245.1,50.0204081632653,0.0595482546201232,205.55,12,"Coleto Ck at Arnold Rd nr Schroeder, TX",37.5079365079365,1.50000001490117,0.415292890710896,2.05195845627488,0.608492858804757,56.267409814198,17.3546587430007,26.5064523052605,0.0,0.0,0.0,28.86165,-97.22638,88.45,5.1182,925.44,925.53,0.1949,1.51948289648685,1.03025132155715,0.583532288188548,0.233542001766257,0.563373740921656,    cropland/natural vegetation mosaic,0.174023727304186,1.57918088462187
06406000,,3,Cluster 3,0.4738604038953781,0.23731822855858234,0.8080261468887329,0.22546794295496117,60.296669483184814,0.5044927090406418,0.453235986828804,-0.2939194768667221,-53.75402420759201,5.645641499860729,-57.36019172547744,81.69239580631256,0.05085577853024006,0.31724137931034485,0.47000000000000003,1.42815058179329,2.37129378507871,0.747918616778269,0.167832878351021,1.66039478981351,24.25,1.49230769230769,jja,287.55,7.15298507462687,djf,Metamorphics,0.452560595900876,Siliciclastic sedimentary rocks,0.263270070309326,0.0604696221401325,0.0619,-14.3357,0.11585871057856,0.0811249962402975,2.08247270051262,0.700473124810623,3.08383394125695,0.008971262943755,0.325208281711121,12.35,9.14814814814815,107.65,32.134328358209,0.0,214.65,10,BATTLE CR AT HERMOSA SD,1.57242339832869,1.50000001490117,0.44530790731826,1.26786871334653,0.520955971827912,27.8537603342353,32.1545233203944,17.344937789527,0.0,0.0,22.7179258218895,43.82805,-103.19602,1337.4,35.11128,436.34,437.52,0.5327,1.68632774562847,0.942389005764146,0.589306094118542,0.178925809172646,0.534084206300004,    Evergreen Needleleaf Forest,0.146704210314987,1.66022526188984
07315200,,3,Cluster 3,0.48630941212177276,0.35327057244447346,0.7154121100902557,1.2655229091284776,78.39833346280184,0.5652366995811462,0.6155630707740783,-0.051794979348778726,-53.81533145904541,-143.44485281802164,-49.482177477243155,2420.778522491455,1.6019196152687072,0.40192307692307694,0.5727272727272726,2.23199315537303,3.81148752908966,0.201927753785972,0.0162560388991893,1.70766093969166,26.8,1.36734693877551,mam,300.25,8.15896739130435,djf,Siliciclastic sedimentary rocks,0.973307668988547,Unconsolidated sediments,0.0266923310114534,0.0,0.1908,-15.1413,0.146243158001371,0.0655213290638113,0.0464892052385021,0.0771925551033878,3.76573080114905,0.0,0.252646651368418,109.9,19.280701754386,312.75,45.0,0.416563997262149,197.75,11,"E Fk Little Wichita Rv nr Henrietta, TX",1.2739916550765,1.20095695385009,0.443351834976148,0.866483375882144,0.515076764781394,31.4388585600045,25.8259011567474,37.6568225979968,0.0,0.0,4.95791376795362,33.81288,-98.08504,310.11,5.60451,501.62,502.7,0.0923,1.5062269354296,1.15002687028317,0.54717299115904,0.266567340450844,0.999999999999863,    Grasslands,0.119999999999983,1.49999999999979
07301410,,3,Cluster 3,0.4921915322542191,0.5611723623408721,0.7141643702983856,0.07126440538707121,81.14967618669782,0.7414881348609924,0.8030483663082123,-0.10262169726192952,-21.96806713938713,-203.7808270177908,-29.772051159201688,82.55903124809265,0.0050828601233661175,0.3875,0.5714285714285714,1.69013826146475,2.90849013004791,0.54562376978321,0.0754167591358171,1.72085929084126,25.85,1.32564102564103,jja,312.7,9.34828101644245,djf,Unconsolidated sediments,0.99540480124875,Mixed sedimentary rocks,0.00459519875125,0.0,0.2198,-13.0112,0.0411604212868118,0.0243532864886097,1.52115572736491,0.661661211761138,1.55190562479186,0.0015257919132399,0.0985407277300828,2.5,2.0,72.1,26.7037037037037,0.0004106776180698,179.8,11,"Sweetwater Ck nr Kelton, TX",29.5657546337158,1.50000001490116,0.40847923821878,2.69708768667652,0.626003253288563,64.3705124248946,21.8206534235469,13.8233355077564,0.0,0.0,0.0,35.4731,-100.12095,787.71,10.70028,769.67,773.72,0.0,0.963149225549539,0.721125725484607,0.424016035425943,0.247578372277033,0.99999999999981,    Grasslands,0.119999999999977,1.49999999999972
04213075,,2,Cluster 2,0.49258925318717955,0.5406386205118319,0.7041751682758332,1.8747029210515476,50.00531196594238,0.6501938104629517,1.0265305399894715,0.014166725752875208,-33.80659729242325,45.32346667591263,-8.811799291395712,75.36285698413849,3.5146282434463503,0.4925373134328358,0.31,3.25756468172485,2.30816082135524,0.152360047508136,0.160655070848624,0.708554103101673,16.65,1.332,jja,210.3,3.29623824451411,jja,Siliciclastic sedimentary rocks,1.0,,0.0,0.0,0.1513,-15.9184,1.46861890048932,0.450833381368717,1.42995902154393,0.468619416286776,1.47176167596576,0.153304733755418,5.04015563031512,12.6,1.39226519337017,67.2,7.14893617021277,0.0,145.85,4,"Brandy Run near Girard, PA",29.45,1.50000001490116,0.473971251601852,0.847367674930736,0.686715490064306,18.0359357817319,67.2575189374019,14.6424853732137,0.0,0.0,0.0,41.992,-80.29117,358.17,13.85748,11.65,11.94,0.9686,3.27319431581858,2.80033890616057,0.783147064357307,0.474270176706988,0.999999999999656,    cropland/natural vegetation mosaic,0.179999999999938,1.49999999999948
